{
    "timestamp": "2025-02-04_17-40-38",
    "metrics": {
        "accuracy": 0.6538461538461539,
        "f1_score": 0.5502302575473308,
        "precision": 0.7784615384615385,
        "recall": 0.6538461538461539,
        "confusion_matrix": [
            [
                1,
                9
            ],
            [
                0,
                16
            ]
        ]
    }
}