{
    "timestamp": "2025-02-05_20-16-10",
    "metrics": {
        "accuracy": 0.8076923076923077,
        "f1_score": 0.7217675941080196,
        "precision": 0.6523668639053255,
        "recall": 0.8076923076923077,
        "confusion_matrix": [
            [
                0,
                5
            ],
            [
                0,
                21
            ]
        ]
    }
}