{
    "timestamp": "2025-02-04_18-36-33",
    "metrics": {
        "accuracy": 0.7692307692307693,
        "f1_score": 0.7692307692307693,
        "precision": 0.7692307692307693,
        "recall": 0.7692307692307693,
        "confusion_matrix": [
            [
                7,
                3
            ],
            [
                3,
                13
            ]
        ]
    }
}