{
    "timestamp": "2025-02-04_18-36-34",
    "metrics": {
        "accuracy": 0.7307692307692307,
        "f1_score": 0.7467775467775468,
        "precision": 0.7812971342383108,
        "recall": 0.7307692307692307,
        "confusion_matrix": [
            [
                4,
                2
            ],
            [
                5,
                15
            ]
        ]
    }
}