{
    "timestamp": "2025-02-04_18-36-34",
    "metrics": {
        "accuracy": 0.8846153846153846,
        "f1_score": 0.8637362637362638,
        "precision": 0.8990384615384616,
        "recall": 0.8846153846153846,
        "confusion_matrix": [
            [
                2,
                3
            ],
            [
                0,
                21
            ]
        ]
    }
}