{
    "timestamp": "2025-02-05_20-16-13",
    "metrics": {
        "accuracy": 0.6153846153846154,
        "f1_score": 0.46886446886446886,
        "precision": 0.37869822485207105,
        "recall": 0.6153846153846154,
        "confusion_matrix": [
            [
                0,
                10
            ],
            [
                0,
                16
            ]
        ]
    }
}