{
    "timestamp": "2025-02-04_17-40-39",
    "metrics": {
        "accuracy": 0.7692307692307693,
        "f1_score": 0.6688963210702341,
        "precision": 0.591715976331361,
        "recall": 0.7692307692307693,
        "confusion_matrix": [
            [
                0,
                6
            ],
            [
                0,
                20
            ]
        ]
    }
}